overvalue,SNP index
0.18468497066757894,239.08708594114282
0.3129102800376746,952.6815314028559
0.1367275706576515,539.7295731486339
0.14617194583695903,115.10698174619804
0.8980607218034016,64.85432234475775
0.1677644524125127,277.74365526922753
0.09107791955640188,408.0150665820016
0.9927581923761163,785.284996322531
0.6044334968107528,651.2507601254997
0.5091149985981311,837.0635691423267
0.11391027309619228,652.1448034923815
0.4492318249962678,158.6819435832606
0.2403825409494933,824.0487742224872
0.07884300586406101,523.2866065349104
0.03806885937601745,737.558366399195
0.32610116372725917,403.91662443274225
0.47318034179830515,543.8346334921781
0.033912468047839095,281.7698454268847
0.3429509865045167,928.9376764158511
0.7561293590917767,383.9699970353809
0.3667882776302839,354.47172564888064
0.932603164225682,911.6487086036627
0.22987064996578788,153.2239916893331
0.5715643848289333,283.3787860790895
0.1696853627283269,558.4696584175819
0.2683687552948345,720.6497991924377
0.10565448984129688,969.1094601635725
0.35896957242266736,326.33149790492376
0.05914341120873279,194.99230604026684
0.5342630511135692,190.72100302223782
0.1944211880382355,143.64816006503034
0.1597261645292194,339.27350224978505
0.8170197576066115,270.2460241814869
0.49948893737371236,606.096833136694
0.38941082358791634,643.5401692157138
0.5564604562626738,750.8676454061977
0.2823758716152368,548.9424321809498
0.8024650802648001,872.6141445417848
0.58113125345602,356.4209038420849
0.023960861107529707,191.99707293085422
0.9435517398958811,215.5986702139885
0.33704219199363505,800.4205899500743
0.524872307469687,279.11532953239504
0.8663589554913799,813.9167098529033
0.023716288322606083,566.9276831541051
0.30417316058999544,335.5617055517638
0.07603361817101018,763.386759185555
0.2286191175681278,856.6089044837246
0.25745286263438316,640.226257509585
0.5015708828303218,422.2528422390383
0.38843656020769124,278.0859880037686
0.8721220100797231,426.04042260763265
0.40591084684576895,226.01609822086132
0.1238246040081693,180.44323098390657
0.08505545410898108,453.2072924571885
0.09157426959033155,548.5855326287129
0.9588580100597727,557.043039123032
0.17427498452108814,244.32318732419645
0.8065150174249909,715.686033607542
0.5463600608260837,763.8260693896752
0.16629045408981047,5.462643399880229
0.8300780429891912,239.2207049138625
0.9734744645572578,140.38423020677016
0.451986684292616,744.8862915270386
0.47844770925107327,983.7093283677714
0.5581089923451287,683.9291967385722
0.7665908244817365,250.4466302764812
0.2757108932331591,343.8217784577494
0.6889055160725942,520.8736730450116
0.061988406397741724,495.8058163717554
0.8231538215950426,603.9843027075993
0.18633992845560676,825.6630127488991
0.28772801499190914,974.9280240744893
0.642189263802884,156.9612652888338
0.23905238454339195,274.2362843577358
0.04629111015756271,764.1290951991165
0.4801148445100649,301.8168609898213
0.7656507685158447,227.79217919509287
0.3745264854520579,524.8643167516507
0.963311790273072,301.3691549847851
0.5692488017263366,545.7298813764359
0.4671131504355881,652.8914556192866
0.9731646433953612,443.46233830090296
0.832192671860702,695.1215766983124
0.8609265647840642,109.25632857964051
0.7871831129074461,742.353005701688
0.35691999660096474,590.9040778516986
0.33787080961318317,484.7595328879516
0.05039418588487843,419.6222224125549
0.11439170514415575,445.04038860216957
0.049667168163009756,922.8122690713896
0.11630619046337576,455.4471236423805
0.43585481287392847,495.6388774212982
0.7165031135900393,857.4056759226416
0.9190785838934977,199.28441780184514
0.906528649326128,13.23537012810705
0.09609401943129103,314.6742789650373
0.0757607234053782,689.578673217415
0.6340939066824024,541.8171614161056
0.15649382921149813,945.0145472737106
